<?xml version="1.0" encoding="UTF-8"?>
<config xmlns="http://www.knime.org/2008/09/XMLConfig" xmlns:xsi="http://www.w3.org/2001/XMLSchema-instance" xsi:schemaLocation="http://www.knime.org/2008/09/XMLConfig http://www.knime.org/XMLConfig_2008_09.xsd" key="model.xml">
<entry key="version" type="xint" value="1"/>
<entry key="class_name" type="xstring" value="org.knime.base.data.normalize.NormalizerPortObject"/>
<config key="model">
<config key="columns">
<config key="dropoff_lat">
<entry key="column_name" type="xstring" value="dropoff_lat"/>
<entry key="column_scale" type="xdouble" value="3.0510408625902885"/>
<entry key="column_translate" type="xdouble" value="-182.4498027502092"/>
<entry key="column_min" type="xdouble" value="0.0"/>
<entry key="column_max" type="xdouble" value="1.0"/>
</config>
<config key="dropoff_long">
<entry key="column_name" type="xstring" value="dropoff_long"/>
<entry key="column_scale" type="xdouble" value="1.4521436617341605"/>
<entry key="column_translate" type="xdouble" value="-43.48808276521813"/>
<entry key="column_min" type="xdouble" value="0.0"/>
<entry key="column_max" type="xdouble" value="1.0"/>
</config>
<config key="trip_end_time_Arr[1]">
<entry key="column_name" type="xstring" value="trip_end_time_Arr[1]"/>
<entry key="column_scale" type="xdouble" value="1.172882946281961E-5"/>
<entry key="column_translate" type="xdouble" value="-0.011259676284306826"/>
<entry key="column_min" type="xdouble" value="0.0"/>
<entry key="column_max" type="xdouble" value="1.0"/>
</config>
</config>
<entry key="summary" type="xstring" value="Min/Max (0.0, 1) normalization on 3 column(s)"/>
</config>
</config>
