,lat,long,trip_time,cluster
0,59.96313143,30.30765496,2015-05-11 17:55:00,1
1,60.03135115,30.32949527,2015-05-11 19:12:00,1
2,59.92428100000001,30.3875608,2015-05-13 10:38:00,1
3,59.93467988,30.30848929,2015-05-16 00:44:00,1
4,60.0314703,30.3294021,2015-05-16 02:18:00,1
5,59.9288133,30.3881466,2015-05-18 10:06:00,1
6,60.03133570000001,30.329517600000006,2015-05-18 22:08:00,1
7,59.9442785,30.3590764,2015-05-19 08:10:00,1
8,59.92912190000001,30.38865583,2015-05-19 11:37:00,1
9,60.03136616,30.32949259,2015-05-19 21:33:00,1
10,59.9293011,30.3887749,2015-05-20 10:08:00,1
11,56.7945666,60.6140533,2015-05-31 13:27:00,2
12,56.7960194,60.6141588,2015-06-01 22:45:00,2
13,56.857545,60.6063,2015-06-03 15:14:00,2
14,56.8577264,60.6060942,2015-06-03 16:20:00,2
15,56.8575433,60.6061866,2015-06-04 03:34:00,2
16,56.8283,60.5975416,2015-06-05 15:31:00,2
17,56.81739570000001,60.63499889999999,2015-06-06 13:59:00,2
18,56.7509433,60.8015533,2015-06-07 20:48:00,8
19,59.9487169,30.3032982,2015-06-12 16:28:00,1
20,60.0118466,30.4340483,2015-06-12 17:01:00,1
21,59.79990266,30.27323585,2015-06-14 06:44:00,5
22,60.0561136,30.427891100000004,2015-06-14 10:18:00,1
23,60.027929500000006,30.6349186,2015-06-14 12:39:00,6
24,59.800195,30.274495,2015-06-14 19:31:00,5
25,59.927216,30.3392897,2015-06-14 21:41:00,1
26,59.93286,30.3456956,2015-06-14 22:19:00,1
27,59.9277426,30.3379478,2015-06-14 23:46:00,1
28,59.9277292,30.3358845,2015-06-15 09:58:00,1
29,59.92775712,30.33797633,2015-06-15 10:10:00,1
30,59.91876836,30.28558798,2015-06-15 11:37:00,1
31,59.92293396,30.33025685,2015-06-15 12:57:00,1
32,59.9294846,30.3245608,2015-06-15 13:19:00,1
33,59.9278966,30.3381516,2015-06-15 14:30:00,1
34,59.92771329999999,30.3373816,2015-06-15 19:21:00,1
35,59.91925500000001,30.2846216,2015-06-15 22:52:00,1
36,59.9316514,30.3234206,2015-06-16 11:08:00,1
37,59.9188484,30.2862445,2015-06-16 11:21:00,1
38,59.91897825,30.28419938,2015-06-16 12:27:00,1
39,59.92767284,30.3379599,2015-06-16 21:13:00,1
40,59.92764293,30.33816057,2015-06-17 05:59:00,1
41,59.80028100000001,30.2743139,2015-06-17 07:59:00,5
42,59.91400384,30.34182538,2015-06-17 12:09:00,1
43,59.9279616,30.337645,2015-06-17 13:05:00,1
44,59.92804105,30.33699051,2015-06-17 13:59:00,1
45,59.80002597,30.27417152,2015-06-17 16:35:00,5
46,59.800015,30.27378,2015-06-29 14:28:00,5
47,60.01567320000001,30.409926,2015-07-07 20:05:00,1
48,59.8423166,30.319145,2015-07-08 01:16:00,11
49,59.84233031,30.31906726,2015-07-09 01:33:00,11
50,60.0159297,30.4078023,2015-09-06 15:29:00,1
51,56.8427976,60.5935333,2015-09-09 16:00:00,2
52,56.7952466,60.6128216,2015-09-09 15:22:00,2
53,56.7545792,60.8099163,2015-09-10 16:29:00,8
54,56.7949252,60.6090171,2015-09-10 17:15:00,2
55,56.82738853,60.59801848,2015-09-11 10:36:00,2
56,56.79544657,60.61297716,2015-09-11 11:59:00,2
57,56.79533747,60.61280675,2015-09-11 21:39:00,2
58,56.8433814,60.5911946,2015-09-12 12:57:00,2
59,56.84287719,60.594053,2015-09-12 17:54:00,2
60,56.7969887,60.61443660000001,2015-09-12 22:21:00,2
61,60.00490118,30.2990589,2015-09-13 10:29:00,1
62,60.0160688,30.409218300000006,2015-09-13 11:10:00,1
63,56.75003390000001,60.8022193,2015-09-13 14:04:00,8
64,56.82988829999999,60.56663,2015-09-13 17:54:00,2
65,60.0161004,30.4092106,2015-09-13 17:46:00,1
66,60.03538,30.4410833,2015-09-14 14:42:00,1
67,60.03300038,30.36792621,2015-09-16 20:02:00,1
68,60.01617182,30.40927137,2015-09-16 22:47:00,1
69,60.0135404,30.3929457,2015-09-17 12:57:00,1
70,59.97112660000001,30.258715,2015-09-17 17:04:00,1
71,56.79504,60.6127983,2015-09-17 21:59:00,2
72,60.01614100000001,30.4092644,2015-09-17 21:05:00,1
73,60.0163466,30.409705,2015-09-19 15:17:00,1
74,60.009115,30.4109849,2015-09-19 17:32:00,1
75,60.0149783,30.3878066,2015-09-22 11:21:00,1
76,60.0161716,30.4092983,2015-09-22 13:09:00,1
77,56.7956355,60.6124968,2015-09-22 23:06:00,2
78,60.0161132,30.409133500000006,2015-09-23 10:28:00,1
79,59.93446160000001,30.332791600000004,2015-09-23 14:20:00,1
80,60.03486949999999,30.328098600000004,2015-09-23 18:59:00,1
81,60.0161372,30.409248600000005,2015-09-23 19:31:00,1
82,60.0921616,30.496485,2015-09-25 13:34:00,4
83,60.0145199,30.391046600000006,2015-09-26 12:09:00,1
84,60.0583164,30.3371833,2015-09-26 18:27:00,1
85,56.8300353,60.56730820000001,2015-09-26 21:40:00,2
86,56.7955121,60.6142588,2015-09-26 22:40:00,2
87,60.0163366,30.4093849,2015-09-26 21:13:00,1
88,59.95758000000001,30.358943300000004,2015-09-27 09:36:00,1
89,60.0162,30.4092666,2015-09-27 10:28:00,1
90,59.98636431,30.35459077,2015-09-27 16:02:00,1
91,60.0160566,30.40921,2015-09-27 19:00:00,1
92,60.02169357,30.37249628,2015-09-28 09:05:00,1
93,60.016165,30.409388300000003,2015-09-28 09:46:00,1
94,60.01617823,30.40939246,2015-09-28 22:49:00,1
95,59.95762760000001,30.359024800000004,2015-09-29 10:19:00,1
96,60.0161963,30.409335,2015-09-29 11:09:00,1
97,59.98957683,30.43828246,2015-09-29 13:38:00,1
98,60.0153168,30.4108714,2015-09-29 15:46:00,1
99,60.0139765,30.3937893,2015-09-29 16:40:00,1
100,60.05302349,30.33141707,2015-09-30 16:56:00,1
101,60.01599044,30.40920851,2015-09-30 19:55:00,1
102,59.9818838,30.2124705,2015-10-01 14:39:00,0
103,59.9878916,30.205385,2015-10-01 16:56:00,0
104,59.9424698,30.3557114,2015-10-01 18:48:00,1
105,60.01454774,30.39163996,2015-10-02 11:46:00,1
106,59.79936673,30.27401436,2015-10-05 14:56:00,5
107,60.0161933,30.4092933,2015-10-20 06:40:00,1
108,59.7998583,30.27411,2015-10-20 10:39:00,5
109,60.016218,30.409376300000005,2015-10-25 21:10:00,1
110,59.92902405,30.35644342,2015-10-26 12:06:00,1
111,60.0161312,30.4093183,2015-10-28 14:41:00,1
112,60.0124399,30.400469300000005,2015-10-30 09:38:00,1
113,60.0161046,30.40927581,2015-10-30 14:58:00,1
114,60.01627660000001,30.4092816,2015-11-06 14:23:00,1
115,60.01613929999999,30.4092063,2015-11-09 18:19:00,1
116,60.02272102,30.43143882,2015-11-13 19:17:00,1
117,60.01617660000001,30.4091016,2015-11-26 17:42:00,1
118,60.01613255,30.40924195,2015-11-28 22:36:00,1
119,60.016186,30.4092287,2015-12-01 17:34:00,1
120,60.0158733,30.4092266,2015-12-02 17:56:00,1
121,60.0161133,30.4095033,2015-12-26 13:05:00,1
122,59.93281598,30.34841482,2015-12-26 15:22:00,1
123,56.83010229999999,60.5673701,2015-12-29 05:45:00,2
124,56.83013212,60.56729442,2015-12-29 23:54:00,2
125,56.8302168,60.567692,2015-12-30 23:13:00,2
126,56.807336600000006,60.610955,2016-01-02 08:43:00,2
127,60.016071,30.4092151,2016-01-04 08:20:00,1
128,60.0162233,30.409011600000003,2016-01-16 20:03:00,1
129,59.9314108,30.3036595,2016-01-18 13:14:00,1
130,60.01600447,30.40927395,2016-01-18 19:38:00,1
131,59.9388851,30.39385906,2016-01-27 13:01:00,1
132,60.0160733,30.4092483,2016-02-22 16:44:00,1
133,59.91014670000001,30.2759206,2016-02-25 16:23:00,1
134,59.928975,30.3563118,2016-02-29 21:56:00,1
135,60.01592700000001,30.409991,2016-03-05 15:35:00,1
136,59.9292616,30.3569583,2016-03-14 17:30:00,1
137,60.01592700000001,30.409991,2016-03-17 11:57:00,1
138,59.9435899,30.32399,2016-03-21 08:50:00,1
139,60.0426366,30.37748,2016-03-25 18:52:00,1
140,60.01546759,30.41038312,2016-03-25 19:37:00,1
141,59.9384027,30.3453303,2016-04-03 14:05:00,1
142,59.93614506,30.32068648,2016-04-03 14:13:00,1
143,60.1034176,29.9475072,2016-04-05 11:39:00,19
144,60.0472816,30.3539099,2016-04-07 13:29:00,1
145,59.8916083,30.5116066,2016-04-09 17:03:00,18
146,59.800195,30.274495,2016-04-10 07:38:00,5
147,60.0316868,30.4283223,2016-04-11 08:44:00,1
148,60.0161379,30.409215600000003,2016-04-17 17:38:00,1
149,60.0161363,30.409313,2016-04-19 17:31:00,1
150,60.01811312,30.3181126,2016-04-30 19:08:00,1
151,60.01332946,30.39639894,2016-04-30 19:37:00,1
152,59.941415,30.366456300000007,2016-05-02 11:35:00,1
153,60.0162248,30.4094435,2016-05-03 15:45:00,1
154,60.0159634,30.4092243,2016-05-04 12:32:00,1
155,60.0162314,30.4094523,2016-05-05 10:01:00,1
156,59.941415,30.366456300000007,2016-05-05 10:36:00,1
157,59.8926566,30.515515,2016-05-06 14:18:00,18
158,59.89326510000001,30.5182,2016-05-06 14:41:00,18
159,59.941415,30.366456300000007,2016-05-06 16:24:00,1
160,60.02785536,30.4350383,2016-05-07 11:20:00,1
161,60.0161433,30.409243300000004,2016-05-07 18:56:00,1
162,59.941415,30.366456300000007,2016-05-11 19:08:00,1
163,59.9638701,30.279623699999995,2016-05-12 13:34:00,1
164,59.941415,30.366456300000007,2016-05-13 15:45:00,1
165,60.0552037,30.3902412,2016-05-13 19:09:00,1
166,60.01619720000001,30.4092925,2016-05-13 20:39:00,1
167,60.0017534,30.2740266,2016-05-14 12:15:00,1
168,59.9555799,30.243711600000005,2016-05-14 13:03:00,1
169,59.93206,30.3212733,2016-05-14 15:54:00,1
170,60.01175210000001,30.4009095,2016-05-15 20:40:00,1
171,60.0318766,30.4282379,2016-05-17 10:12:00,1
172,59.941415,30.366456300000007,2016-05-17 16:18:00,1
173,59.9435934,30.324039600000006,2016-05-19 15:03:00,1
174,59.95593936,30.48967066,2016-05-20 17:39:00,1
175,59.941415,30.366456300000007,2016-05-27 13:24:00,1
176,60.0278616,30.4350016,2016-05-27 17:28:00,1
177,59.941415,30.366456300000007,2016-05-29 10:17:00,1
178,59.9863118,30.3569789,2016-05-31 17:34:00,1
179,59.9796563,30.4591656,2016-06-07 19:06:00,1
180,60.015977,30.4092168,2016-06-07 21:29:00,1
181,60.016197,30.4092936,2016-06-10 16:46:00,1
182,60.027855,30.434890000000006,2016-06-11 15:41:00,1
183,60.0161323,30.409212100000005,2016-06-12 23:57:00,1
184,60.0162533,30.4092333,2016-06-13 23:42:00,1
185,59.941415,30.366456300000007,2016-06-15 15:12:00,1
186,59.941415,30.366456300000007,2016-06-16 20:27:00,1
187,59.941415,30.366456300000007,2016-06-17 20:30:00,1
188,59.941415,30.366456300000007,2016-06-18 14:52:00,1
189,59.9619853,30.4593071,2016-06-19 13:18:00,1
190,59.941415,30.366456300000007,2016-06-20 20:46:00,1
191,59.97948974,30.45857875,2016-06-24 14:25:00,1
192,59.941415,30.366456300000007,2016-06-24 15:01:00,1
193,59.941415,30.366456300000007,2016-06-25 17:03:00,1
194,59.941415,30.366456300000007,2016-07-09 20:57:00,1
195,59.9320135,30.4417715,2016-07-13 05:35:00,1
196,59.941415,30.366456300000007,2016-07-22 15:03:00,1
197,59.89198760000001,30.513062400000006,2016-07-23 16:29:00,18
198,59.941415,30.366456300000007,2016-07-23 17:58:00,1
199,59.80238872,30.27357835,2016-07-29 14:35:00,5
200,59.93273833,30.337705,2016-07-29 16:20:00,1
201,59.92195699999999,30.3534883,2016-07-29 19:20:00,1
202,59.9174986,30.385755100000004,2016-08-01 13:59:00,1
203,60.02280329999999,30.330195,2016-08-01 16:01:00,1
204,59.9465317,30.4771267,2016-08-02 16:46:00,1
205,59.9334517,30.4359283,2016-08-04 12:54:00,1
206,59.941415,30.366456300000007,2016-08-09 15:39:00,1
207,59.9456167,30.4884533,2016-08-27 18:37:00,1
208,59.940925,30.420213300000004,2016-09-06 16:22:00,1
209,59.941415,30.366456300000007,2016-09-06 18:58:00,1
210,60.0317527,30.4283336,2016-09-07 09:08:00,1
211,59.93335500000001,30.4411117,2016-09-09 15:12:00,1
212,59.930305,30.3604083,2016-09-12 14:45:00,1
213,59.943685,30.324166700000006,2016-09-12 16:01:00,1
214,59.9292183,30.3566308,2016-09-17 14:49:00,1
215,59.955185,30.244666700000003,2016-09-22 16:47:00,1
216,59.9482767,30.233463300000004,2016-09-22 18:35:00,1
217,59.92548670000001,30.4888283,2016-09-23 11:41:00,1
218,59.93472987,30.496899900000006,2016-09-23 13:27:00,1
219,59.941415,30.366456300000007,2016-09-23 13:46:00,1
220,59.95678829999999,30.3118183,2016-09-24 11:41:00,1
221,59.941415,30.366456300000007,2016-09-24 14:37:00,1
222,59.9893659,30.46617028,2016-09-24 16:56:00,1
223,59.95998407,30.48026404,2016-09-24 18:46:00,1
224,60.0023381,30.27415076,2016-09-25 11:59:00,1
225,59.95989982,30.48151006,2016-09-25 12:58:00,1
226,60.0128799,30.4100769,2016-09-27 08:25:00,1
227,59.95992876,30.48033443,2016-09-27 12:14:00,1
228,60.03169333,30.428365000000003,2016-09-27 16:32:00,1
229,59.95987,30.48029833,2016-09-27 17:55:00,1
230,59.94781833,30.41217,2016-09-28 12:35:00,1
231,59.95994554,30.48021568,2016-09-28 14:56:00,1
232,59.90426901,30.42105195,2016-09-30 10:52:00,1
233,59.941415,30.366456300000007,2016-09-30 12:06:00,1
234,59.90474167,30.420505,2016-09-30 13:01:00,1
235,59.9251009,30.3879205,2016-09-30 14:43:00,1
236,59.9497535,30.466438,2016-09-30 17:39:00,1
237,59.9408142,30.4201081,2016-10-08 11:48:00,1
238,59.941415,30.366456300000007,2016-10-08 14:03:00,1
239,59.91074981,30.44405323,2016-10-10 12:29:00,1
240,59.95977190000001,30.48084581,2016-10-10 13:44:00,1
241,60.0318267,30.4282983,2016-10-14 09:42:00,1
242,59.941415,30.366456300000007,2016-10-15 19:59:00,1
243,60.06193628,30.37574472,2016-10-18 12:44:00,1
244,60.0358719,30.41766963,2016-10-18 13:26:00,1
245,60.0316267,30.428616700000006,2016-10-19 12:19:00,1
246,59.94479499999999,30.48372,2016-10-23 19:46:00,1
247,59.941415,30.366456300000007,2016-10-24 20:03:00,1
248,60.0316497,30.4283158,2016-10-26 12:17:00,1
249,59.941415,30.366456300000007,2016-10-26 14:52:00,1
250,59.941415,30.366456300000007,2016-10-27 19:33:00,1
251,60.0260733,30.42244,2016-10-28 12:37:00,1
252,60.031641500000006,30.4281249,2016-11-01 08:55:00,1
253,59.95964557,30.48060104,2016-11-01 18:46:00,1
254,59.941415,30.366456300000007,2016-11-02 22:46:00,1
255,60.03160198,30.42830695,2016-11-03 16:17:00,1
256,60.03172803,30.42799781,2016-11-08 09:08:00,1
257,59.941415,30.366456300000007,2016-11-09 14:44:00,1
258,59.941415,30.366456300000007,2016-11-12 18:05:00,1
259,60.0315559,30.4287766,2016-11-18 08:17:00,1
260,59.9129066,30.4754955,2016-11-22 12:36:00,1
261,59.941415,30.366456300000007,2016-11-22 16:04:00,1
262,59.92546770000001,30.488632300000006,2016-11-25 02:55:00,1
263,59.941415,30.366456300000007,2016-11-25 03:47:00,1
264,59.94659702,30.47549719,2016-11-25 10:10:00,1
265,59.9468417,30.4749383,2016-11-25 11:29:00,1
266,59.925485,30.4888333,2016-11-25 16:02:00,1
267,59.941415,30.366456300000007,2016-11-25 18:53:00,1
268,59.92545629999999,30.48884726,2016-11-26 17:21:00,1
269,59.941415,30.366456300000007,2016-11-26 19:04:00,1
270,59.92557112,30.48873907,2016-11-27 12:36:00,1
271,59.92564,30.4886933,2016-11-27 15:53:00,1
272,59.941415,30.366456300000007,2016-11-27 18:08:00,1
273,59.941415,30.366456300000007,2016-11-27 20:26:00,1
274,59.9120283,30.4790067,2016-11-28 09:46:00,1
275,59.941415,30.366456300000007,2016-11-28 11:31:00,1
276,59.92551629999999,30.488791100000004,2016-11-28 12:56:00,1
277,60.00346500000001,30.356635,2016-11-28 14:06:00,1
278,59.94647906,30.47577234,2016-11-29 16:30:00,1
279,59.941415,30.366456300000007,2016-11-29 18:43:00,1
280,59.944750600000006,30.4827852,2016-12-04 19:27:00,1
281,60.03181800000001,30.4277349,2016-12-12 12:23:00,1
282,59.941415,30.366456300000007,2016-12-12 13:50:00,1
283,59.95061170000001,30.499618,2016-12-13 09:09:00,1
284,59.950377,30.499794,2016-12-13 10:42:00,1
285,59.941415,30.366456300000007,2016-12-13 10:56:00,1
286,59.941415,30.366456300000007,2016-12-14 18:10:00,1
287,59.93236829999999,30.3678833,2016-12-17 10:16:00,1
288,59.941415,30.366456300000007,2016-12-17 11:33:00,1
289,59.9389818,30.3490952,2016-12-17 15:22:00,1
290,59.941415,30.366456300000007,2016-12-19 18:04:00,1
291,59.93977387,30.34526415,2016-12-23 09:05:00,1
292,59.941415,30.366456300000007,2016-12-23 10:59:00,1
293,60.01044572,30.40273466,2016-12-23 13:15:00,1
294,59.9212941,30.4638125,2016-12-24 13:45:00,1
295,59.9410415,30.4892557,2016-12-28 15:24:00,1
296,59.941415,30.366456300000007,2016-12-28 16:18:00,1
297,59.941415,30.366456300000007,2016-12-28 19:56:00,1
298,60.03196429,30.42742699,2016-12-29 13:49:00,1
299,59.9506005,30.499693,2016-12-29 18:22:00,1
300,59.941415,30.366456300000007,2016-12-29 19:52:00,1
301,59.79979670000001,30.274013300000004,2017-01-06 15:10:00,5
302,59.79979670000001,30.274013300000004,2017-01-07 15:10:00,5
303,59.95103,30.4094367,2017-01-11 15:23:00,1
304,59.941415,30.366456300000007,2017-01-11 17:03:00,1
305,59.95072533,30.50028509,2017-01-12 09:29:00,1
306,59.941415,30.366456300000007,2017-01-12 10:34:00,1
307,59.94783,30.4117617,2017-01-12 13:03:00,1
308,59.941415,30.366456300000007,2017-01-12 13:52:00,1
309,59.941415,30.366456300000007,2017-01-12 17:13:00,1
310,60.0316855,30.4281493,2017-01-13 14:47:00,1
311,59.941415,30.366456300000007,2017-01-13 16:42:00,1
312,59.941415,30.366456300000007,2017-01-16 17:38:00,1
313,59.941415,30.366456300000007,2017-01-19 16:19:00,1
314,59.9571759,30.3223278,2017-01-25 11:33:00,1
315,59.9590083,30.4775967,2017-01-25 17:29:00,1
316,59.80006243,30.2743752,2017-01-26 21:22:00,5
317,59.918052,30.3416492,2017-02-03 11:43:00,1
318,59.941415,30.366456300000007,2017-02-03 13:34:00,1
319,59.941415,30.366456300000007,2017-02-08 19:03:00,1
320,59.94045139999999,30.397290100000006,2017-02-09 16:00:00,1
321,59.941415,30.366456300000007,2017-02-09 17:11:00,1
322,59.941415,30.366456300000007,2017-02-14 08:19:00,1
323,59.91662829999999,30.4507533,2017-03-06 16:45:00,1
324,59.941415,30.366456300000007,2017-03-06 18:09:00,1
325,59.9168405,30.450966,2017-03-19 16:11:00,1
326,59.941415,30.366456300000007,2017-03-19 17:38:00,1
327,60.060315,30.29012,2017-03-19 18:27:00,15
328,59.941415,30.366456300000007,2017-03-19 19:11:00,1
329,59.9492983,30.409740000000006,2017-03-23 10:07:00,1
330,59.917479500000006,30.4489838,2017-04-02 16:13:00,1
331,59.9600159,30.4785031,2017-04-02 17:38:00,1
332,59.9600159,30.4785031,2017-04-07 15:41:00,1
333,60.0297225,30.628997100000007,2017-04-09 21:29:00,6
334,59.9408105,30.420028100000003,2017-04-26 10:31:00,1
335,59.941415,30.366456300000007,2017-04-26 14:36:00,1
336,59.941415,30.366456300000007,2017-05-11 17:10:00,1
337,59.941415,30.366456300000007,2017-05-14 13:59:00,1
338,59.7995517,30.273770000000006,2017-05-24 06:03:00,5
339,59.941415,30.366456300000007,2017-05-24 08:39:00,1
340,59.9168767,30.4511342,2017-05-26 12:02:00,1
341,59.941415,30.366456300000007,2017-05-26 13:19:00,1
342,59.95112140000001,30.407892800000006,2017-05-30 16:11:00,1
343,59.941415,30.366456300000007,2017-05-30 17:53:00,1
344,59.940855000000006,30.420166700000006,2017-06-02 12:53:00,1
345,59.941415,30.366456300000007,2017-06-02 15:27:00,1
346,59.93319820000001,30.336193100000006,2017-06-04 12:38:00,1
347,59.941415,30.366456300000007,2017-06-04 16:35:00,1
348,59.8507667,30.39474,2017-06-06 12:20:00,16
349,59.941415,30.366456300000007,2017-06-06 13:19:00,1
350,59.79982,30.2782467,2017-06-07 21:06:00,5
351,59.941415,30.366456300000007,2017-06-07 23:04:00,1
352,59.93828434,30.47097019,2017-06-13 20:34:00,1
353,59.941415,30.366456300000007,2017-06-13 21:12:00,1
354,59.9305583,30.3618117,2017-06-15 04:09:00,1
355,55.7359767,37.63633170000001,2017-06-15 09:52:00,3
356,55.7359033,37.6358617,2017-06-15 16:57:00,3
357,55.7129465,37.6222847,2017-06-16 14:48:00,3
358,55.73588759,37.63505135,2017-06-16 16:32:00,3
359,55.66255329999999,37.6348309,2017-06-17 17:09:00,13
360,55.7359354,37.635031,2017-06-17 21:55:00,3
361,55.75273370000001,37.5898742,2017-06-18 14:18:00,14
362,55.6407833,37.68145,2017-06-19 11:42:00,12
363,59.7992,30.27336,2017-06-19 21:36:00,5
364,59.7992,30.27336,2017-06-19 21:38:00,5
365,59.941415,30.366456300000007,2017-06-19 22:14:00,1
366,59.9324583,30.3680217,2017-06-20 10:31:00,1
367,59.941415,30.366456300000007,2017-06-20 15:11:00,1
368,59.941415,30.366456300000007,2017-06-20 16:08:00,1
369,59.941415,30.366456300000007,2017-06-23 16:24:00,1
370,59.9323747,30.3679649,2017-06-30 15:27:00,1
371,59.941415,30.366456300000007,2017-06-30 18:07:00,1
372,59.93797610000001,30.4156094,2017-07-03 09:09:00,1
373,59.941415,30.366456300000007,2017-07-03 09:24:00,1
374,59.949630000000006,30.4104133,2017-07-04 17:11:00,1
375,59.941415,30.366456300000007,2017-07-04 18:45:00,1
376,59.9324507,30.3682152,2017-07-05 13:41:00,1
377,59.941415,30.366456300000007,2017-07-05 14:52:00,1
378,59.9496306,30.464945,2017-07-06 10:38:00,1
379,59.9389667,30.376191700000003,2017-07-06 16:51:00,1
380,59.941415,30.366456300000007,2017-07-07 13:35:00,1
381,59.9828807,30.201479600000006,2017-07-16 10:59:00,0
382,59.941415,30.366456300000007,2017-07-16 20:48:00,1
383,59.799923,30.2742609,2017-07-17 18:02:00,5
384,59.89171170000001,30.51186,2017-07-28 10:54:00,18
385,59.941415,30.366456300000007,2017-07-28 14:12:00,1
386,59.91680229999999,30.4511381,2017-07-29 13:51:00,1
387,59.941415,30.366456300000007,2017-07-29 15:25:00,1
388,59.941415,30.366456300000007,2017-08-03 17:59:00,1
389,59.941415,30.366456300000007,2017-08-07 11:04:00,1
390,59.941415,30.366456300000007,2017-08-08 16:28:00,1
391,59.95586850000001,30.3117488,2017-08-09 18:37:00,1
392,59.941415,30.366456300000007,2017-08-09 23:01:00,1
393,59.941415,30.366456300000007,2017-08-11 20:20:00,1
394,59.9258517,30.296725,2017-08-12 12:48:00,1
395,59.941415,30.366456300000007,2017-08-12 16:36:00,1
396,59.9168601,30.4510372,2017-08-13 11:44:00,1
397,59.941415,30.366456300000007,2017-08-13 12:58:00,1
398,59.9296635,30.2863214,2017-08-14 13:18:00,1
399,59.95096833,30.49957272,2017-08-14 21:08:00,1
400,59.98554749,30.29151083,2017-08-15 16:57:00,1
401,59.79995,30.2742717,2017-08-17 22:59:00,5
402,59.79995,30.2742717,2017-08-17 22:59:00,5
403,59.80008670000001,30.274168300000003,2017-08-17 22:57:00,5
404,59.941415,30.366456300000007,2017-08-18 00:55:00,1
405,60.03160329999999,30.4285168,2017-08-18 13:42:00,1
406,59.94867248,30.27981003,2017-08-19 13:44:00,1
407,59.94893860000001,30.3048268,2017-08-19 14:21:00,1
408,59.94864612,30.27967247,2017-08-19 14:48:00,1
409,59.941415,30.366456300000007,2017-08-19 20:10:00,1
410,59.94005802,30.4548105,2017-08-20 14:00:00,1
411,59.941415,30.366456300000007,2017-08-20 16:50:00,1
412,59.8623763,30.1703974,2017-08-20 20:26:00,7
413,59.8001354,30.2743737,2017-08-21 18:00:00,5
414,59.941415,30.366456300000007,2017-09-01 14:23:00,1
415,59.9174915,30.4516783,2017-09-04 12:11:00,1
416,59.941415,30.366456300000007,2017-09-04 13:27:00,1
417,59.941415,30.366456300000007,2017-09-10 09:17:00,1
418,59.941415,30.366456300000007,2017-09-13 10:58:00,1
419,59.9390424,30.4170858,2017-09-23 11:06:00,1
420,59.941415,30.366456300000007,2017-09-23 15:53:00,1
421,59.9336591,30.36459215,2017-09-24 18:27:00,1
422,59.941415,30.366456300000007,2017-09-24 20:50:00,1
423,59.9442821,30.3675473,2017-10-21 15:15:00,1
424,59.941415,30.366456300000007,2017-10-21 17:34:00,1
425,59.94916,30.356867,2017-10-25 16:56:00,1
426,59.941415,30.366456300000007,2017-10-25 18:24:00,1
427,59.911816,30.446566,2017-11-01 15:56:00,1
428,59.941415,30.366456300000007,2017-11-01 17:39:00,1
429,59.91747700000001,30.451172,2017-11-11 12:43:00,1
430,59.941415,30.366456300000007,2017-11-11 14:21:00,1
431,59.8029153,30.265650399999995,2017-11-14 16:26:00,5
432,59.9601267,30.4802683,2017-11-14 17:52:00,1
433,59.955948,30.35561,2017-11-16 08:35:00,1
434,59.941415,30.366456300000007,2017-11-16 09:15:00,1
435,60.012253,30.398493,2017-11-18 13:20:00,1
436,59.962,30.402332,2017-11-21 14:39:00,1
437,59.955303,30.355066,2017-11-21 16:16:00,1
438,59.92564399999999,30.295998,2017-11-21 16:44:00,1
439,59.941415,30.366456300000007,2017-11-22 13:25:00,1
440,59.942448,30.498343,2017-11-23 11:46:00,1
441,59.941415,30.366456300000007,2017-11-23 12:41:00,1
442,59.97056,30.337648,2017-11-23 16:13:00,1
443,59.93789939999999,30.3483709,2017-11-23 16:44:00,1
444,59.946434,30.369709000000004,2017-11-24 10:52:00,1
445,59.941415,30.366456300000007,2017-11-24 18:48:00,1
446,59.802914,30.267840000000003,2017-11-24 22:19:00,5
447,59.95999499999999,30.480290000000004,2017-11-24 23:41:00,1
448,59.96049920000001,30.481978700000006,2017-11-25 00:49:00,1
449,59.95999499999999,30.480290000000004,2017-11-25 00:51:00,1
450,59.94864499999999,30.489315,2017-11-25 13:10:00,1
451,59.955134,30.464026300000004,2017-11-25 15:03:00,1
452,59.954945,30.465298,2017-11-25 15:52:00,1
453,59.9551017,30.4650783,2017-11-25 16:06:00,1
454,59.954945,30.465298,2017-11-25 16:19:00,1
455,59.941415,30.366456300000007,2017-11-25 21:44:00,1
456,59.9603917,30.482185,2017-11-25 22:17:00,1
457,60.02874170000001,30.6361443,2017-11-25 22:46:00,6
458,59.802914,30.267840000000003,2017-11-26 11:34:00,5
459,59.893524,30.518969,2017-11-26 14:38:00,18
460,59.95999499999999,30.480290000000004,2017-11-26 19:59:00,1
461,60.09205,30.496159,2017-11-27 12:26:00,4
462,59.934464,30.363940000000003,2017-11-27 14:33:00,1
463,59.941415,30.366456300000007,2017-11-27 14:57:00,1
464,59.941415,30.366456300000007,2017-11-27 16:33:00,1
465,59.9325037,30.4370752,2017-11-27 16:58:00,1
466,59.92611,30.341751,2017-11-27 22:06:00,1
467,59.97735,30.342422,2017-11-28 09:08:00,1
468,59.94546,30.367563,2017-11-28 10:45:00,1
469,59.945087,30.367628000000003,2017-11-28 10:49:00,1
470,59.941415,30.366456300000007,2017-11-28 11:32:00,1
471,59.934113,30.306103000000004,2017-11-28 15:05:00,1
472,59.941415,30.366456300000007,2017-11-28 17:18:00,1
473,59.941415,30.366456300000007,2017-11-28 19:20:00,1
474,59.941415,30.366456300000007,2017-11-28 19:22:00,1
475,59.96175699999999,30.402152500000003,2017-11-29 10:59:00,1
476,59.95999499999999,30.480290000000004,2017-11-29 12:42:00,1
477,59.802914,30.267840000000003,2017-11-30 13:56:00,5
478,59.96191,30.402166,2017-12-01 13:01:00,1
479,59.941415,30.366456300000007,2017-12-02 01:31:00,1
480,59.92471999999999,30.357355,2017-12-02 11:13:00,1
481,59.941415,30.366456300000007,2017-12-02 18:29:00,1
482,59.96191,30.402166,2017-12-04 09:59:00,1
483,59.940327,30.41786,2017-12-04 19:33:00,1
484,59.96191,30.402166,2017-12-05 11:09:00,1
485,59.941415,30.366456300000007,2017-12-05 21:12:00,1
486,59.941415,30.366456300000007,2017-12-07 20:29:00,1
487,59.927876,30.34203,2017-12-08 19:33:00,1
488,59.802914,30.267840000000003,2017-12-09 10:39:00,5
489,59.96191,30.402166,2017-12-09 13:24:00,1
490,59.941415,30.366456300000007,2017-12-09 14:02:00,1
491,59.927868,30.341972,2017-12-10 14:50:00,1
492,59.95999499999999,30.480290000000004,2017-12-10 15:40:00,1
493,59.96191,30.402166,2017-12-11 10:17:00,1
494,59.93164,30.284105,2017-12-11 12:20:00,1
495,59.941415,30.366456300000007,2017-12-11 14:40:00,1
496,59.941415,30.366456300000007,2017-12-11 20:39:00,1
497,59.96191,30.402166,2017-12-12 11:21:00,1
498,59.941415,30.366456300000007,2017-12-12 21:53:00,1
499,59.96191,30.402166,2017-12-13 11:40:00,1
500,59.941415,30.366456300000007,2017-12-13 19:30:00,1
501,59.96191,30.402166,2017-12-14 10:40:00,1
502,59.932854000000006,30.348755,2017-12-14 21:14:00,1
503,59.941415,30.366456300000007,2017-12-14 22:08:00,1
504,59.96191,30.402166,2017-12-15 11:27:00,1
505,59.9462,30.474258000000006,2017-12-15 20:20:00,1
506,59.95999499999999,30.480290000000004,2017-12-15 20:48:00,1
507,59.941415,30.366456300000007,2017-12-16 12:14:00,1
508,59.955303,30.355066,2017-12-16 15:06:00,1
509,59.961987,30.40226,2017-12-18 11:47:00,1
510,59.9272,30.358921,2017-12-18 20:40:00,1
511,59.941415,30.366456300000007,2017-12-18 21:48:00,1
512,59.961987,30.40226,2017-12-19 11:02:00,1
513,59.937733,30.436192,2017-12-19 15:37:00,1
514,59.941415,30.366456300000007,2017-12-19 18:33:00,1
515,59.97735,30.342422,2017-12-20 14:21:00,1
516,59.941415,30.366456300000007,2017-12-20 15:49:00,1
517,59.941415,30.366456300000007,2017-12-20 21:19:00,1
518,59.961987,30.40226,2017-12-21 11:07:00,1
519,60.126957,30.446896,2017-12-21 19:23:00,10
520,59.961987,30.40226,2017-12-22 00:25:00,1
521,59.941415,30.366456300000007,2017-12-22 01:15:00,1
522,59.941415,30.366456300000007,2017-12-24 11:57:00,1
523,59.961987,30.40226,2017-12-24 15:08:00,1
524,59.941415,30.366456300000007,2017-12-24 15:43:00,1
525,59.941415,30.366456300000007,2017-12-25 21:29:00,1
526,59.961987,30.40226,2017-12-26 12:05:00,1
527,59.941415,30.366456300000007,2017-12-26 22:23:00,1
528,59.961987,30.40226,2017-12-27 11:10:00,1
529,59.961987,30.40226,2017-12-29 14:26:00,1
530,59.93321,30.359688,2017-12-30 17:18:00,1
531,59.941415,30.366456300000007,2017-12-30 18:33:00,1
532,60.012253,30.398493,2018-01-04 10:47:00,1
533,59.961987,30.40226,2018-01-04 11:57:00,1
534,59.940002,30.381903,2018-01-05 12:47:00,1
535,59.940002,30.381903,2018-01-05 16:20:00,1
536,60.00505,30.229761,2018-01-05 18:16:00,0
537,59.941415,30.366456300000007,2018-01-05 18:52:00,1
538,59.89353000000001,30.518997,2018-01-07 16:47:00,18
539,59.91117,30.444849,2018-01-07 18:44:00,1
540,59.941415,30.366456300000007,2018-01-07 19:21:00,1
541,59.961987,30.40226,2018-01-09 10:47:00,1
542,59.940987,30.394056,2018-01-10 09:38:00,1
543,59.961987,30.40226,2018-01-10 10:03:00,1
544,59.941415,30.366456300000007,2018-01-10 20:44:00,1
545,59.961987,30.40226,2018-01-11 10:58:00,1
546,59.940987,30.394056,2018-01-12 08:20:00,1
547,59.961987,30.40226,2018-01-12 09:02:00,1
548,59.940987,30.394056,2018-01-12 18:36:00,1
549,59.961987,30.40226,2018-01-14 12:33:00,1
550,59.94283000000001,30.379465000000003,2018-01-14 19:28:00,1
551,59.95999499999999,30.480290000000004,2018-01-14 21:23:00,1
552,59.940987,30.394056,2018-01-14 21:48:00,1
553,59.941415,30.366456300000007,2018-01-14 22:06:00,1
554,59.94145970000001,30.3919653,2018-01-15 05:50:00,1
555,59.961987,30.40226,2018-01-15 09:37:00,1
556,59.940987,30.394056,2018-01-15 14:03:00,1
557,59.961987,30.40226,2018-01-15 15:53:00,1
558,59.914722,30.476147,2018-01-16 10:04:00,1
559,59.941415,30.366456300000007,2018-01-16 10:52:00,1
560,59.961987,30.40226,2018-01-16 11:58:00,1
561,59.930367,30.354317,2018-01-17 08:22:00,1
562,59.961987,30.40226,2018-01-17 09:56:00,1
563,59.941415,30.366456300000007,2018-01-17 10:05:00,1
564,59.961987,30.40226,2018-01-18 10:59:00,1
565,59.941415,30.366456300000007,2018-01-18 21:59:00,1
566,59.940327,30.41786,2018-01-20 11:52:00,1
567,59.941415,30.366456300000007,2018-01-20 14:46:00,1
568,59.941415,30.366456300000007,2018-01-22 16:11:00,1
569,59.961987,30.40226,2018-01-24 11:39:00,1
570,59.941415,30.366456300000007,2018-01-24 21:39:00,1
571,59.961987,30.40226,2018-01-25 10:57:00,1
572,59.941415,30.366456300000007,2018-01-25 20:22:00,1
573,59.940224,30.455511,2018-01-26 11:05:00,1
574,59.961987,30.40226,2018-01-26 11:44:00,1
575,59.961987,30.40226,2018-01-27 04:14:00,1
576,59.941415,30.366456300000007,2018-01-27 04:35:00,1
577,59.914722,30.476147,2018-01-28 15:18:00,1
578,59.941415,30.366456300000007,2018-01-28 17:11:00,1
579,59.961987,30.40226,2018-01-29 11:55:00,1
580,59.94359,30.35236,2018-01-30 09:23:00,1
581,59.961987,30.40226,2018-01-30 10:08:00,1
582,59.941415,30.366456300000007,2018-01-30 21:47:00,1
583,59.961987,30.40226,2018-01-31 10:54:00,1
584,59.941415,30.366456300000007,2018-01-31 21:08:00,1
585,59.961987,30.40226,2018-02-01 10:18:00,1
586,59.961987,30.40226,2018-02-02 10:20:00,1
587,59.941415,30.366456300000007,2018-02-05 21:08:00,1
588,59.961987,30.40226,2018-02-06 11:11:00,1
589,59.961987,30.40226,2018-02-07 11:04:00,1
590,59.961987,30.40226,2018-02-08 11:33:00,1
591,59.88359499999999,30.369232,2018-02-08 19:11:00,9
592,59.940514,30.341034000000004,2018-02-08 21:15:00,1
593,59.98294,30.390339,2018-02-09 00:16:00,1
594,59.941415,30.366456300000007,2018-02-09 00:48:00,1
595,59.961987,30.40226,2018-02-09 10:34:00,1
596,59.941415,30.366456300000007,2018-02-09 21:12:00,1
597,59.942684,30.379305,2018-02-10 12:05:00,1
598,59.941415,30.366456300000007,2018-02-10 13:46:00,1
599,59.802914,30.267840000000003,2018-02-12 11:33:00,5
600,55.731712,37.63732,2018-02-12 16:04:00,3
601,55.599648,37.271233,2018-02-13 01:26:00,17
602,59.941415,30.366456300000007,2018-02-13 08:43:00,1
603,59.961987,30.40226,2018-02-13 11:25:00,1
604,59.940327,30.41786,2018-02-13 21:36:00,1
605,59.946953,30.359217,2018-02-13 22:11:00,1
606,59.961987,30.40226,2018-02-13 22:36:00,1
607,59.941415,30.366456300000007,2018-02-13 23:11:00,1
608,59.961987,30.40226,2018-02-14 04:26:00,1
609,59.941415,30.366456300000007,2018-02-14 06:09:00,1
610,59.961987,30.40226,2018-02-14 11:54:00,1
611,59.961987,30.40226,2018-02-15 11:06:00,1
612,59.961987,30.40226,2018-02-16 11:29:00,1
613,59.941415,30.366456300000007,2018-02-16 21:36:00,1
614,59.940327,30.41786,2018-02-19 10:15:00,1
615,59.961987,30.40226,2018-02-19 11:56:00,1
616,59.941415,30.366456300000007,2018-02-19 21:36:00,1
617,59.961987,30.40226,2018-02-20 12:47:00,1
618,59.961987,30.40226,2018-02-22 10:36:00,1
619,59.961987,30.40226,2018-02-23 15:53:00,1
620,59.941415,30.366456300000007,2018-02-23 22:40:00,1
621,59.961987,30.40226,2018-02-26 10:53:00,1
622,59.941415,30.366456300000007,2018-02-26 20:45:00,1
623,59.961987,30.40226,2018-02-27 10:30:00,1
624,59.961987,30.40226,2018-02-28 12:40:00,1
625,59.941415,30.366456300000007,2018-02-28 20:50:00,1
626,59.940327,30.41786,2018-03-01 12:18:00,1
627,59.941415,30.366456300000007,2018-03-01 19:47:00,1
628,59.961987,30.40226,2018-03-02 11:35:00,1
629,59.941415,30.366456300000007,2018-03-02 21:49:00,1
630,59.961987,30.40226,2018-03-05 11:26:00,1
631,59.940327,30.41786,2018-03-05 20:31:00,1
632,59.940224,30.455511,2018-03-06 09:47:00,1
633,59.961987,30.40226,2018-03-06 11:32:00,1
634,59.941415,30.366456300000007,2018-03-06 21:44:00,1
635,59.940327,30.41786,2018-03-07 10:42:00,1
636,59.955692000000006,30.35657,2018-03-08 04:39:00,1
637,59.941415,30.366456300000007,2018-03-11 19:59:00,1
638,59.941415,30.366456300000007,2018-03-11 20:14:00,1
639,59.941415,30.366456300000007,2018-03-12 16:19:00,1
640,59.941415,30.366456300000007,2018-03-12 23:07:00,1
641,59.940327,30.41786,2018-03-13 11:01:00,1
642,59.941415,30.366456300000007,2018-03-13 17:42:00,1
643,59.97736,30.342457,2018-03-16 09:52:00,1
644,59.94031500000001,30.455576,2018-03-16 10:45:00,1
645,59.933548,30.355846000000003,2018-03-16 12:43:00,1
646,59.933548,30.355846000000003,2018-03-16 16:04:00,1
647,60.05908,30.33512,2018-03-16 19:46:00,1
648,59.941415,30.366456300000007,2018-03-16 21:50:00,1
649,59.921135,30.421642,2018-03-17 14:59:00,1
650,59.940327,30.41786,2018-03-19 10:08:00,1
651,59.940327,30.41786,2018-03-19 13:36:00,1
652,59.941415,30.366456300000007,2018-03-19 21:16:00,1
653,59.940327,30.41786,2018-03-20 19:38:00,1
654,59.916836,30.450686,2018-03-21 16:08:00,1
655,59.941415,30.366456300000007,2018-03-21 17:45:00,1
656,59.955692000000006,30.35657,2018-03-26 05:46:00,1
657,59.941415,30.366456300000007,2018-03-26 23:50:00,1
658,59.94916,30.356867,2018-03-30 13:13:00,1
659,59.941415,30.366456300000007,2018-03-30 15:43:00,1
660,59.941415,30.366456300000007,2018-04-02 17:43:00,1
661,59.914722,30.476147,2018-04-04 09:37:00,1
662,59.940327,30.41786,2018-04-04 11:40:00,1
663,59.941415,30.366456300000007,2018-04-04 19:54:00,1
664,59.893967,30.514868,2018-04-05 11:36:00,18
665,59.941415,30.366456300000007,2018-04-05 17:10:00,1
666,59.802914,30.267840000000003,2018-04-09 12:20:00,5
667,59.98866,30.345533000000003,2018-04-12 13:26:00,1
668,59.940327,30.41786,2018-04-12 18:05:00,1
669,59.941415,30.366456300000007,2018-04-13 18:13:00,1
670,59.919296,30.438965000000003,2018-04-19 10:54:00,1
671,59.941415,30.366456300000007,2018-04-19 11:55:00,1
672,59.940327,30.41786,2018-04-23 10:59:00,1
673,59.9462,30.474258000000006,2018-04-23 12:11:00,1
674,60.011173,30.386566,2018-04-24 14:58:00,1
675,59.91683199999999,30.450724,2018-04-26 15:57:00,1
676,59.941415,30.366456300000007,2018-04-26 17:00:00,1
677,59.955692000000006,30.35657,2018-04-27 15:05:00,1
